match_id,match_date,kickoff_time_local,match_date_utc,kickoff_time_utc,matchday,competition_id,competition_name,season,season_id,stage,home_team_id,home_team,home_team_code,away_team_id,away_team,away_team_code,venue,winner,result_home,goals_home_ht,goals_away_ht,goals_home_ft,goals_away_ft,is_home_match,last_result_vs_opponent,tickets_scanned
d0te6swsv2y99ywgugc2utbmc,2022-07-23,18:15:00,2022-07-23Z,16:15:00Z,1.0,4zwgbb66rif2spcoeeol2motx,Belgian Jupiler Pro League,2022/2023,5wj8l9y4s3484k6puwup793pw,Regular Season,1uk609mhtsfhokhaewjapb26,Kortrijk,KVK,bw9wm8pqfzcchumhiwdt2w15c,OH Leuven,OHL,Guldensporenstadion,away,L,0,0,0,2,false,L 1-2,
d256yo3eng04m0fu7b4sl7wno,2022-07-30,18:15:00,2022-07-30Z,16:15:00Z,2.0,4zwgbb66rif2spcoeeol2motx,Belgian Jupiler Pro League,2022/2023,5wj8l9y4s3484k6puwup793pw,Regular Season,bw9wm8pqfzcchumhiwdt2w15c,OH Leuven,OHL,2nhn3ikl1ciq34w3hcp883d6p,Westerlo,WES,King Power at Den Dreef Stadion,home,W,1,0,2,0,true,,5565
d3pqkck2grzx98jg4sofhp8us,2022-08-07,21:00:00,2022-08-07Z,19:00:00Z,3.0,4zwgbb66rif2spcoeeol2motx,Belgian Jupiler Pro League,2022/2023,5wj8l9y4s3484k6puwup793pw,Regular Season,7zibyotq1x1hq6pmgibhr0e6s,Antwerp,ANT,bw9wm8pqfzcchumhiwdt2w15c,OH Leuven,OHL,Bosuilstadion,home,W,2,1,4,2,false,L 0-1,
d4mn5ksbxuvnaww4pmommxhqs,2022-08-14,18:30:00,2022-08-14Z,16:30:00Z,4.0,4zwgbb66rif2spcoeeol2motx,Belgian Jupiler Pro League,2022/2023,5wj8l9y4s3484k6puwup793pw,Regular Season,bw9wm8pqfzcchumhiwdt2w15c,OH Leuven,OHL,1oyb7oym5nwzny8vxf03szd2h,Club Brugge,CLU,King Power at Den Dreef Stadion,away,L,0,2,0,3,true,L 1-4,7440
d5htdqmc8w72upys41sfxhfkk,2022-08-21,18:30:00,2022-08-21Z,16:30:00Z,5.0,4zwgbb66rif2spcoeeol2motx,Belgian Jupiler Pro League,2022/2023,5wj8l9y4s3484k6puwup793pw,Regular Season,5z1b7fuvpqe6vnigvopomvecu,Standard Liège,STA,bw9wm8pqfzcchumhiwdt2w15c,OH Leuven,OHL,Stade Maurice Dufrasne,away,L,0,2,1,3,false,W 2-1,
d65hmi7sq03yzr5he1k7ypus4,2022-08-27,18:15:00,2022-08-27Z,16:15:00Z,6.0,4zwgbb66rif2spcoeeol2motx,Belgian Jupiler Pro League,2022/2023,5wj8l9y4s3484k6puwup793pw,Regular Season,bw9wm8pqfzcchumhiwdt2w15c,OH Leuven,OHL,2b57rbw94i9ohnbch52owvqtq,KV Oostende,KVO,King Power at Den Dreef Stadion,home,W,0,1,2,1,true,W 3-1,4489
d700mwu32x772ns4veqq32yhg,2022-09-04,13:30:00,2022-09-04Z,11:30:00Z,7.0,4zwgbb66rif2spcoeeol2motx,Belgian Jupiler Pro League,2022/2023,5wj8l9y4s3484k6puwup793pw,Regular Season,6vyr13j6kbwdtxjwm1m4m8nu2,Anderlecht,AND,bw9wm8pqfzcchumhiwdt2w15c,OH Leuven,OHL,Lotto Park,draw,D,0,1,2,2,false,D 0-0,
d80mkemezkz16bqh6lbn8tlhw,2022-09-10,20:45:00,2022-09-10Z,18:45:00Z,8.0,4zwgbb66rif2spcoeeol2motx,Belgian Jupiler Pro League,2022/2023,5wj8l9y4s3484k6puwup793pw,Regular Season,bw9wm8pqfzcchumhiwdt2w15c,OH Leuven,OHL,920raeoumft3q2wmvc296uceo,Sporting Charleroi,CHA,King Power at Den Dreef Stadion,home,W,1,1,3,2,true,W 3-0,4508
d9pbl588401et3engzzakcfmc,2022-09-17,16:00:00,2022-09-17Z,14:00:00Z,9.0,4zwgbb66rif2spcoeeol2motx,Belgian Jupiler Pro League,2022/2023,5wj8l9y4s3484k6puwup793pw,Regular Season,b7jmo07lqav0wfe2mtlzyspak,Mechelen,KVM,bw9wm8pqfzcchumhiwdt2w15c,OH Leuven,OHL,Achter De Kazerne,draw,D,0,0,0,0,false,L 0-2,
dak40etbhbqsr1nxyt50qcg0k,2022-10-01,16:00:00,2022-10-01Z,14:00:00Z,10.0,4zwgbb66rif2spcoeeol2motx,Belgian Jupiler Pro League,2022/2023,5wj8l9y4s3484k6puwup793pw,Regular Season,bw9wm8pqfzcchumhiwdt2w15c,OH Leuven,OHL,ecj1gmc7pqcjo4sc9hvghj5u3,Union Saint-Gilloise,STG,King Power at Den Dreef Stadion,away,L,0,2,0,3,true,L 1-4,6290
dbqant2dfdnu9vplc4eqpn7dg,2022-10-08,18:15:00,2022-10-08Z,16:15:00Z,11.0,4zwgbb66rif2spcoeeol2motx,Belgian Jupiler Pro League,2022/2023,5wj8l9y4s3484k6puwup793pw,Regular Season,547zzwqbiugzphhnrhj3z5k5i,Zulte Waregem,ZWA,bw9wm8pqfzcchumhiwdt2w15c,OH Leuven,OHL,Elindus Arena,away,L,1,0,2,5,false,D 1-1,
dcl81t8chgq07o8rw8orj5no4,2022-10-15,20:45:00,2022-10-15Z,18:45:00Z,12.0,4zwgbb66rif2spcoeeol2motx,Belgian Jupiler Pro League,2022/2023,5wj8l9y4s3484k6puwup793pw,Regular Season,bw9wm8pqfzcchumhiwdt2w15c,OH Leuven,OHL,89xivtxk59uzvhdsd6miao6tm,Genk,GNK,King Power at Den Dreef Stadion,away,L,0,1,0,1,true,W 2-1,7238
de8wkd0re6d3g1j29g1ijwmqc,2022-10-18,18:30:00,2022-10-18Z,16:30:00Z,13.0,4zwgbb66rif2spcoeeol2motx,Belgian Jupiler Pro League,2022/2023,5wj8l9y4s3484k6puwup793pw,Regular Season,9njsy633rh1tyri7l2jaju5o,Eupen,EUP,bw9wm8pqfzcchumhiwdt2w15c,OH Leuven,OHL,Kehrwegstadion,home,W,2,2,4,2,false,L 1-3,
df8f3q4scni4n2rc4kvtfyvbo,2022-10-22,18:15:00,2022-10-22Z,16:15:00Z,14.0,4zwgbb66rif2spcoeeol2motx,Belgian Jupiler Pro League,2022/2023,5wj8l9y4s3484k6puwup793pw,Regular Season,2989v3kho9h5jaboe1nr7lx21,Sint-Truiden,STV,bw9wm8pqfzcchumhiwdt2w15c,OH Leuven,OHL,Daio Wasabi Stayen Stadium,draw,D,0,0,0,0,false,L 0-2,
dfui3aovgvfccasonp6w5ajh0,2022-10-30,18:30:00,2022-10-30Z,17:30:00Z,15.0,4zwgbb66rif2spcoeeol2motx,Belgian Jupiler Pro League,2022/2023,5wj8l9y4s3484k6puwup793pw,Regular Season,bw9wm8pqfzcchumhiwdt2w15c,OH Leuven,OHL,8y3iucyxguipljcmf87a11bk9,Gent,GNT,King Power at Den Dreef Stadion,draw,D,0,1,1,1,true,L 0-5,7166
dh2jinzfxkjr5uq2xcw047dw4,2022-11-05,18:15:00,2022-11-05Z,17:15:00Z,16.0,4zwgbb66rif2spcoeeol2motx,Belgian Jupiler Pro League,2022/2023,5wj8l9y4s3484k6puwup793pw,Regular Season,3ix9om1svhd6obl0mbk1otgop,Cercle Brugge,CER,bw9wm8pqfzcchumhiwdt2w15c,OH Leuven,OHL,Jan Breydelstadion,home,W,1,1,2,1,false,W 3-2,
di0x0as1g324k0hoea1o5vvh0,2022-11-11,20:45:00,2022-11-11Z,19:45:00Z,17.0,4zwgbb66rif2spcoeeol2motx,Belgian Jupiler Pro League,2022/2023,5wj8l9y4s3484k6puwup793pw,Regular Season,bw9wm8pqfzcchumhiwdt2w15c,OH Leuven,OHL,jb4xejoxjfk5a0a50bo8hvst,Seraing,SER,King Power at Den Dreef Stadion,home,W,4,0,5,0,true,D 1-1,5285
disu0asmlgxkbrbsihhfkin84,2022-12-26,13:30:00,2022-12-26Z,12:30:00Z,18.0,4zwgbb66rif2spcoeeol2motx,Belgian Jupiler Pro League,2022/2023,5wj8l9y4s3484k6puwup793pw,Regular Season,1oyb7oym5nwzny8vxf03szd2h,Club Brugge,CLU,bw9wm8pqfzcchumhiwdt2w15c,OH Leuven,OHL,Jan Breydelstadion,draw,D,1,0,1,1,false,L 0-3,
dkbsomyigazbberxvdmjq7wgk,2023-01-08,21:00:00,2023-01-08Z,20:00:00Z,19.0,4zwgbb66rif2spcoeeol2motx,Belgian Jupiler Pro League,2022/2023,5wj8l9y4s3484k6puwup793pw,Regular Season,bw9wm8pqfzcchumhiwdt2w15c,OH Leuven,OHL,1uk609mhtsfhokhaewjapb26,Kortrijk,KVK,King Power at Den Dreef Stadion,away,L,1,1,2,3,true,W 2-0,3766
dlnn04m3bhefdkjof0qemprmc,2023-01-13,20:45:00,2023-01-13Z,19:45:00Z,20.0,4zwgbb66rif2spcoeeol2motx,Belgian Jupiler Pro League,2022/2023,5wj8l9y4s3484k6puwup793pw,Regular Season,2nhn3ikl1ciq34w3hcp883d6p,Westerlo,WES,bw9wm8pqfzcchumhiwdt2w15c,OH Leuven,OHL,Het Kuipje,away,L,0,0,1,2,false,W 2-0,
dmcif0n7veawzigj8cd5bm904,2023-01-17,18:30:00,2023-01-17Z,17:30:00Z,21.0,4zwgbb66rif2spcoeeol2motx,Belgian Jupiler Pro League,2022/2023,5wj8l9y4s3484k6puwup793pw,Regular Season,bw9wm8pqfzcchumhiwdt2w15c,OH Leuven,OHL,9njsy633rh1tyri7l2jaju5o,Eupen,EUP,King Power at Den Dreef Stadion,draw,D,1,0,1,1,true,L 2-4,3537
dngvv4b04pq0170pqr3c73uvo,2023-01-21,20:45:00,2023-01-21Z,19:45:00Z,22.0,4zwgbb66rif2spcoeeol2motx,Belgian Jupiler Pro League,2022/2023,5wj8l9y4s3484k6puwup793pw,Regular Season,ecj1gmc7pqcjo4sc9hvghj5u3,Union Saint-Gilloise,STG,bw9wm8pqfzcchumhiwdt2w15c,OH Leuven,OHL,Stade Joseph Mariën,home,W,0,0,1,0,false,L 0-3,
dojq6igk3d5ol4c78rkm0ugb8,2023-01-28,18:15:00,2023-01-28Z,17:15:00Z,23.0,4zwgbb66rif2spcoeeol2motx,Belgian Jupiler Pro League,2022/2023,5wj8l9y4s3484k6puwup793pw,Regular Season,bw9wm8pqfzcchumhiwdt2w15c,OH Leuven,OHL,2989v3kho9h5jaboe1nr7lx21,Sint-Truiden,STV,King Power at Den Dreef Stadion,draw,D,0,1,1,1,true,D 0-0,6399
dpjf3ys82e8ogok1huyfd64no,2023-02-04,18:15:00,2023-02-04Z,17:15:00Z,24.0,4zwgbb66rif2spcoeeol2motx,Belgian Jupiler Pro League,2022/2023,5wj8l9y4s3484k6puwup793pw,Regular Season,jb4xejoxjfk5a0a50bo8hvst,Seraing,SER,bw9wm8pqfzcchumhiwdt2w15c,OH Leuven,OHL,Stade du Pairay,home,W,1,1,2,1,false,W 5-0,67
dqvzs325coup7j9iqyfcazmdw,2023-02-10,20:00:00,2023-02-10Z,19:00:00Z,25.0,4zwgbb66rif2spcoeeol2motx,Belgian Jupiler Pro League,2022/2023,5wj8l9y4s3484k6puwup793pw,Regular Season,bw9wm8pqfzcchumhiwdt2w15c,OH Leuven,OHL,3ix9om1svhd6obl0mbk1otgop,Cercle Brugge,CER,King Power at Den Dreef Stadion,draw,D,0,0,0,0,true,L 1-2,4721
drhnleuu8ae9hudku3cehgb9w,2023-02-19,16:00:00,2023-02-19Z,15:00:00Z,26.0,4zwgbb66rif2spcoeeol2motx,Belgian Jupiler Pro League,2022/2023,5wj8l9y4s3484k6puwup793pw,Regular Season,8y3iucyxguipljcmf87a11bk9,Gent,GNT,bw9wm8pqfzcchumhiwdt2w15c,OH Leuven,OHL,Planet Group Arena,home,W,0,0,2,0,false,D 1-1,
dt091ishr3km0wuuhiatev9xw,2023-02-26,16:00:00,2023-02-26Z,15:00:00Z,27.0,4zwgbb66rif2spcoeeol2motx,Belgian Jupiler Pro League,2022/2023,5wj8l9y4s3484k6puwup793pw,Regular Season,bw9wm8pqfzcchumhiwdt2w15c,OH Leuven,OHL,7zibyotq1x1hq6pmgibhr0e6s,Antwerp,ANT,King Power at Den Dreef Stadion,draw,D,1,0,1,1,true,L 2-4,9331
du1wib350joxeh5hdv9v8yihg,2023-03-04,18:15:00,2023-03-04Z,17:15:00Z,28.0,4zwgbb66rif2spcoeeol2motx,Belgian Jupiler Pro League,2022/2023,5wj8l9y4s3484k6puwup793pw,Regular Season,bw9wm8pqfzcchumhiwdt2w15c,OH Leuven,OHL,547zzwqbiugzphhnrhj3z5k5i,Zulte Waregem,ZWA,King Power at Den Dreef Stadion,home,W,3,0,4,2,true,W 5-2,7785
dvmreijz690fz4wcvl8yw1kic,2023-03-10,20:45:00,2023-03-10Z,19:45:00Z,29.0,4zwgbb66rif2spcoeeol2motx,Belgian Jupiler Pro League,2022/2023,5wj8l9y4s3484k6puwup793pw,Regular Season,920raeoumft3q2wmvc296uceo,Sporting Charleroi,CHA,bw9wm8pqfzcchumhiwdt2w15c,OH Leuven,OHL,Stade du Pays de Charleroi,away,L,0,1,0,1,false,W 3-2,
dw8a4f7k9qt9iyxuuno9rvztg,2023-03-19,16:00:00,2023-03-19Z,15:00:00Z,30.0,4zwgbb66rif2spcoeeol2motx,Belgian Jupiler Pro League,2022/2023,5wj8l9y4s3484k6puwup793pw,Regular Season,bw9wm8pqfzcchumhiwdt2w15c,OH Leuven,OHL,6vyr13j6kbwdtxjwm1m4m8nu2,Anderlecht,AND,King Power at Den Dreef Stadion,away,L,0,1,0,2,true,D 2-2,10827
dwztfp6va3lnxnao66y2odq8k,2023-04-02,13:30:00,2023-04-02Z,11:30:00Z,31.0,4zwgbb66rif2spcoeeol2motx,Belgian Jupiler Pro League,2022/2023,5wj8l9y4s3484k6puwup793pw,Regular Season,89xivtxk59uzvhdsd6miao6tm,Genk,GNK,bw9wm8pqfzcchumhiwdt2w15c,OH Leuven,OHL,Cegeka Arena,home,W,1,0,2,1,false,L 0-1,
dyrd81lg1d8eb5ptsbq1tg6j8,2023-04-08,16:00:00,2023-04-08Z,14:00:00Z,32.0,4zwgbb66rif2spcoeeol2motx,Belgian Jupiler Pro League,2022/2023,5wj8l9y4s3484k6puwup793pw,Regular Season,bw9wm8pqfzcchumhiwdt2w15c,OH Leuven,OHL,b7jmo07lqav0wfe2mtlzyspak,Mechelen,KVM,King Power at Den Dreef Stadion,home,W,2,0,4,1,true,D 0-0,8310
e0cja3pwz23dl8uqycthu33f8,2023-04-15,18:15:00,2023-04-15Z,16:15:00Z,33.0,4zwgbb66rif2spcoeeol2motx,Belgian Jupiler Pro League,2022/2023,5wj8l9y4s3484k6puwup793pw,Regular Season,2b57rbw94i9ohnbch52owvqtq,KV Oostende,KVO,bw9wm8pqfzcchumhiwdt2w15c,OH Leuven,OHL,Batimont Solar Park,away,L,0,2,0,4,false,W 2-1,232
e0tuth9cc11wefswrzq1cjyms,2023-04-23,18:30:00,2023-04-23Z,16:30:00Z,34.0,4zwgbb66rif2spcoeeol2motx,Belgian Jupiler Pro League,2022/2023,5wj8l9y4s3484k6puwup793pw,Regular Season,bw9wm8pqfzcchumhiwdt2w15c,OH Leuven,OHL,5z1b7fuvpqe6vnigvopomvecu,Standard Liège,STA,King Power at Den Dreef Stadion,home,W,1,0,3,2,true,W 3-1,10079
3hphnm42ozcm1yye5nocz3ytw,2023-07-29,18:15:00,2023-07-29Z,16:15:00Z,1.0,4zwgbb66rif2spcoeeol2motx,Belgian Jupiler Pro League,2023/2024,f0atdrdim0sks9zagwg3an9jo,Regular Season,920raeoumft3q2wmvc296uceo,Sporting Charleroi,CHA,bw9wm8pqfzcchumhiwdt2w15c,OH Leuven,OHL,Stade du Pays de Charleroi,draw,D,1,0,1,1,false,W 1-0,
3kewmr690bhoid47mku9wfgno,2023-08-05,20:45:00,2023-08-05Z,18:45:00Z,2.0,4zwgbb66rif2spcoeeol2motx,Belgian Jupiler Pro League,2023/2024,f0atdrdim0sks9zagwg3an9jo,Regular Season,bw9wm8pqfzcchumhiwdt2w15c,OH Leuven,OHL,4kzh86nfubfwsjzerl9pz73kl,RWDM,RWD,King Power at Den Dreef Stadion,away,L,1,1,1,2,true,,7786
3m8rcryxrola5kngcoiekflec,2023-08-12,18:15:00,2023-08-12Z,16:15:00Z,3.0,4zwgbb66rif2spcoeeol2motx,Belgian Jupiler Pro League,2023/2024,f0atdrdim0sks9zagwg3an9jo,Regular Season,ecj1gmc7pqcjo4sc9hvghj5u3,Union Saint-Gilloise,STG,bw9wm8pqfzcchumhiwdt2w15c,OH Leuven,OHL,Stade Joseph Mariën,home,W,2,1,5,1,false,L 0-1,
3nrkjdhpc5zse1sdzt1onor2s,2023-08-18,20:45:00,2023-08-18Z,18:45:00Z,4.0,4zwgbb66rif2spcoeeol2motx,Belgian Jupiler Pro League,2023/2024,f0atdrdim0sks9zagwg3an9jo,Regular Season,bw9wm8pqfzcchumhiwdt2w15c,OH Leuven,OHL,7zibyotq1x1hq6pmgibhr0e6s,Antwerp,ANT,King Power at Den Dreef Stadion,draw,D,0,1,1,1,true,D 1-1,8577
3qd97tj5mca89c1m61vh5j190,2023-08-26,18:15:00,2023-08-26Z,16:15:00Z,5.0,4zwgbb66rif2spcoeeol2motx,Belgian Jupiler Pro League,2023/2024,f0atdrdim0sks9zagwg3an9jo,Regular Season,9njsy633rh1tyri7l2jaju5o,Eupen,EUP,bw9wm8pqfzcchumhiwdt2w15c,OH Leuven,OHL,Kehrwegstadion,home,W,1,0,3,1,false,D 1-1,2
3rwouz4640n6ngfbwrwsqkp3o,2023-09-01,20:45:00,2023-09-01Z,18:45:00Z,6.0,4zwgbb66rif2spcoeeol2motx,Belgian Jupiler Pro League,2023/2024,f0atdrdim0sks9zagwg3an9jo,Regular Season,bw9wm8pqfzcchumhiwdt2w15c,OH Leuven,OHL,1uk609mhtsfhokhaewjapb26,Kortrijk,KVK,King Power at Den Dreef Stadion,home,W,1,0,3,0,true,L 2-3,9144
3vk3btgbt7w7qy9hjp3f2934k,2023-09-17,18:30:00,2023-09-17Z,16:30:00Z,7.0,4zwgbb66rif2spcoeeol2motx,Belgian Jupiler Pro League,2023/2024,f0atdrdim0sks9zagwg3an9jo,Regular Season,bw9wm8pqfzcchumhiwdt2w15c,OH Leuven,OHL,8y3iucyxguipljcmf87a11bk9,Gent,GNT,King Power at Den Dreef Stadion,draw,D,1,1,1,1,true,L 0-2,9598
3xm0jsg0h11z1i1y2zizqwhec,2023-09-23,18:15:00,2023-09-23Z,16:15:00Z,8.0,4zwgbb66rif2spcoeeol2motx,Belgian Jupiler Pro League,2023/2024,f0atdrdim0sks9zagwg3an9jo,Regular Season,b7jmo07lqav0wfe2mtlzyspak,Mechelen,KVM,bw9wm8pqfzcchumhiwdt2w15c,OH Leuven,OHL,Achter De Kazerne,away,L,0,2,1,2,false,W 4-1,
3yp7glzujzj8nc07qp0sd0kr8,2023-09-30,18:15:00,2023-09-30Z,16:15:00Z,9.0,4zwgbb66rif2spcoeeol2motx,Belgian Jupiler Pro League,2023/2024,f0atdrdim0sks9zagwg3an9jo,Regular Season,bw9wm8pqfzcchumhiwdt2w15c,OH Leuven,OHL,5z1b7fuvpqe6vnigvopomvecu,Standard Liège,STA,King Power at Den Dreef Stadion,away,L,0,1,1,2,true,W 3-2,9211
41a3ppgub9bq2getrvndrmv4k,2023-10-07,16:00:00,2023-10-07Z,14:00:00Z,10.0,4zwgbb66rif2spcoeeol2motx,Belgian Jupiler Pro League,2023/2024,f0atdrdim0sks9zagwg3an9jo,Regular Season,3ix9om1svhd6obl0mbk1otgop,Cercle Brugge,CER,bw9wm8pqfzcchumhiwdt2w15c,OH Leuven,OHL,Jan Breydelstadion,home,W,2,2,3,2,false,D 0-0,
42wgdmxzlcn9w08umkea3hpg4,2023-10-22,19:15:00,2023-10-22Z,17:15:00Z,11.0,4zwgbb66rif2spcoeeol2motx,Belgian Jupiler Pro League,2023/2024,f0atdrdim0sks9zagwg3an9jo,Regular Season,bw9wm8pqfzcchumhiwdt2w15c,OH Leuven,OHL,2989v3kho9h5jaboe1nr7lx21,Sint-Truiden,STV,King Power at Den Dreef Stadion,home,W,2,0,4,0,true,D 1-1,7784
44q48on0rpshsvmh6e94ls0es,2023-10-28,20:45:00,2023-10-28Z,18:45:00Z,12.0,4zwgbb66rif2spcoeeol2motx,Belgian Jupiler Pro League,2023/2024,f0atdrdim0sks9zagwg3an9jo,Regular Season,6vyr13j6kbwdtxjwm1m4m8nu2,Anderlecht,AND,bw9wm8pqfzcchumhiwdt2w15c,OH Leuven,OHL,Lotto Park,home,W,2,1,5,1,false,L 0-2,
4729fykixfyfwxlbno9zilq8k,2023-11-04,18:15:00,2023-11-04Z,17:15:00Z,13.0,4zwgbb66rif2spcoeeol2motx,Belgian Jupiler Pro League,2023/2024,f0atdrdim0sks9zagwg3an9jo,Regular Season,bw9wm8pqfzcchumhiwdt2w15c,OH Leuven,OHL,2nhn3ikl1ciq34w3hcp883d6p,Westerlo,WES,King Power at Den Dreef Stadion,away,L,0,0,0,2,true,W 2-1,9240
48xc3lu3nk2jq8lu05jqrgfmc,2023-11-12,16:00:00,2023-11-12Z,15:00:00Z,14.0,4zwgbb66rif2spcoeeol2motx,Belgian Jupiler Pro League,2023/2024,f0atdrdim0sks9zagwg3an9jo,Regular Season,89xivtxk59uzvhdsd6miao6tm,Genk,GNK,bw9wm8pqfzcchumhiwdt2w15c,OH Leuven,OHL,Cegeka Arena,home,W,1,0,3,1,false,L 1-2,
4bjgrdur7wdidfbs58xmjynf8,2023-11-26,16:00:00,2023-11-26Z,15:00:00Z,15.0,4zwgbb66rif2spcoeeol2motx,Belgian Jupiler Pro League,2023/2024,f0atdrdim0sks9zagwg3an9jo,Regular Season,bw9wm8pqfzcchumhiwdt2w15c,OH Leuven,OHL,1oyb7oym5nwzny8vxf03szd2h,Club Brugge,CLU,King Power at Den Dreef Stadion,away,L,0,1,0,1,true,D 1-1,10546
4derk4vitzrps5926w5dp7llg,2023-12-02,20:45:00,2023-12-02Z,19:45:00Z,16.0,4zwgbb66rif2spcoeeol2motx,Belgian Jupiler Pro League,2023/2024,f0atdrdim0sks9zagwg3an9jo,Regular Season,7zibyotq1x1hq6pmgibhr0e6s,Antwerp,ANT,bw9wm8pqfzcchumhiwdt2w15c,OH Leuven,OHL,Bosuilstadion,home,W,1,0,1,0,false,D 1-1,
4gbdx686w0jxnz4gpsualoa38,2023-12-09,18:15:00,2023-12-09Z,17:15:00Z,17.0,4zwgbb66rif2spcoeeol2motx,Belgian Jupiler Pro League,2023/2024,f0atdrdim0sks9zagwg3an9jo,Regular Season,2989v3kho9h5jaboe1nr7lx21,Sint-Truiden,STV,bw9wm8pqfzcchumhiwdt2w15c,OH Leuven,OHL,Daio Wasabi Stayen Stadium,draw,D,1,1,1,1,false,W 4-0,
4i4bz7rnjs44z8bt8bnftavbo,2023-12-16,16:00:00,2023-12-16Z,15:00:00Z,18.0,4zwgbb66rif2spcoeeol2motx,Belgian Jupiler Pro League,2023/2024,f0atdrdim0sks9zagwg3an9jo,Regular Season,bw9wm8pqfzcchumhiwdt2w15c,OH Leuven,OHL,3ix9om1svhd6obl0mbk1otgop,Cercle Brugge,CER,King Power at Den Dreef Stadion,away,L,1,0,1,2,true,L 2-3,8038
4jf2cc3asaku8kfbswxuns4r8,2023-12-21,20:45:00,2023-12-21Z,19:45:00Z,19.0,4zwgbb66rif2spcoeeol2motx,Belgian Jupiler Pro League,2023/2024,f0atdrdim0sks9zagwg3an9jo,Regular Season,8y3iucyxguipljcmf87a11bk9,Gent,GNT,bw9wm8pqfzcchumhiwdt2w15c,OH Leuven,OHL,Planet Group Arena,home,W,1,0,4,0,false,D 1-1,
4mbxzkhlc9edsor1s0fjsxses,2023-12-26,16:00:00,2023-12-26Z,15:00:00Z,20.0,4zwgbb66rif2spcoeeol2motx,Belgian Jupiler Pro League,2023/2024,f0atdrdim0sks9zagwg3an9jo,Regular Season,bw9wm8pqfzcchumhiwdt2w15c,OH Leuven,OHL,9njsy633rh1tyri7l2jaju5o,Eupen,EUP,King Power at Den Dreef Stadion,home,W,2,0,3,0,true,L 1-3,7863
4oobcluwuns3xnlhy5m9m7sic,2024-01-21,18:30:00,2024-01-21Z,17:30:00Z,21.0,4zwgbb66rif2spcoeeol2motx,Belgian Jupiler Pro League,2023/2024,f0atdrdim0sks9zagwg3an9jo,Regular Season,bw9wm8pqfzcchumhiwdt2w15c,OH Leuven,OHL,6vyr13j6kbwdtxjwm1m4m8nu2,Anderlecht,AND,King Power at Den Dreef Stadion,draw,D,1,0,1,1,true,L 1-5,10786
4q0z5ic8pjb74wozk4jt8clxw,2024-01-27,16:00:00,2024-01-27Z,15:00:00Z,22.0,4zwgbb66rif2spcoeeol2motx,Belgian Jupiler Pro League,2023/2024,f0atdrdim0sks9zagwg3an9jo,Regular Season,1uk609mhtsfhokhaewjapb26,Kortrijk,KVK,bw9wm8pqfzcchumhiwdt2w15c,OH Leuven,OHL,Guldensporenstadion,draw,D,0,0,0,0,false,W 3-0,414
4s3or8i47or8p70amtotvjlec,2024-01-31,18:45:00,2024-01-31Z,17:45:00Z,23.0,4zwgbb66rif2spcoeeol2motx,Belgian Jupiler Pro League,2023/2024,f0atdrdim0sks9zagwg3an9jo,Regular Season,bw9wm8pqfzcchumhiwdt2w15c,OH Leuven,OHL,89xivtxk59uzvhdsd6miao6tm,Genk,GNK,King Power at Den Dreef Stadion,home,W,0,0,2,1,true,L 1-3,7846
4vac5nncewvzj0ecddu81chsk,2024-02-03,18:15:00,2024-02-03Z,17:15:00Z,24.0,4zwgbb66rif2spcoeeol2motx,Belgian Jupiler Pro League,2023/2024,f0atdrdim0sks9zagwg3an9jo,Regular Season,2nhn3ikl1ciq34w3hcp883d6p,Westerlo,WES,bw9wm8pqfzcchumhiwdt2w15c,OH Leuven,OHL,Het Kuipje,away,L,0,2,0,3,false,L 0-2,
4w2seh9hm8htc71niexj6a7f8,2024-02-10,16:00:00,2024-02-10Z,15:00:00Z,25.0,4zwgbb66rif2spcoeeol2motx,Belgian Jupiler Pro League,2023/2024,f0atdrdim0sks9zagwg3an9jo,Regular Season,5z1b7fuvpqe6vnigvopomvecu,Standard Liège,STA,bw9wm8pqfzcchumhiwdt2w15c,OH Leuven,OHL,Stade Maurice Dufrasne,home,W,1,0,1,0,false,L 1-2,
4yqzx2kle0xh8c6mbzui5ydjo,2024-02-17,18:15:00,2024-02-17Z,17:15:00Z,26.0,4zwgbb66rif2spcoeeol2motx,Belgian Jupiler Pro League,2023/2024,f0atdrdim0sks9zagwg3an9jo,Regular Season,bw9wm8pqfzcchumhiwdt2w15c,OH Leuven,OHL,920raeoumft3q2wmvc296uceo,Sporting Charleroi,CHA,King Power at Den Dreef Stadion,draw,D,0,0,0,0,true,D 1-1,9228
50ljuhsiuflgkyoqabj23q80k,2024-02-24,16:00:00,2024-02-24Z,15:00:00Z,27.0,4zwgbb66rif2spcoeeol2motx,Belgian Jupiler Pro League,2023/2024,f0atdrdim0sks9zagwg3an9jo,Regular Season,4kzh86nfubfwsjzerl9pz73kl,RWDM,RWD,bw9wm8pqfzcchumhiwdt2w15c,OH Leuven,OHL,Edmond Machtensstadion,draw,D,1,1,1,1,false,L 1-2,
539hjt08589esprrqk8xj09as,2024-03-02,18:15:00,2024-03-02Z,17:15:00Z,28.0,4zwgbb66rif2spcoeeol2motx,Belgian Jupiler Pro League,2023/2024,f0atdrdim0sks9zagwg3an9jo,Regular Season,bw9wm8pqfzcchumhiwdt2w15c,OH Leuven,OHL,ecj1gmc7pqcjo4sc9hvghj5u3,Union Saint-Gilloise,STG,King Power at Den Dreef Stadion,away,L,0,1,0,2,true,L 1-5,9789
54bf3d7pni6yppljo5licwhsk,2024-03-10,16:00:00,2024-03-10Z,15:00:00Z,29.0,4zwgbb66rif2spcoeeol2motx,Belgian Jupiler Pro League,2023/2024,f0atdrdim0sks9zagwg3an9jo,Regular Season,1oyb7oym5nwzny8vxf03szd2h,Club Brugge,CLU,bw9wm8pqfzcchumhiwdt2w15c,OH Leuven,OHL,Jan Breydelstadion,home,W,1,1,3,1,false,L 0-1,
57i6yyarvjpugxfcvu1v2fl04,2024-03-17,18:30:00,2024-03-17Z,17:30:00Z,30.0,4zwgbb66rif2spcoeeol2motx,Belgian Jupiler Pro League,2023/2024,f0atdrdim0sks9zagwg3an9jo,Regular Season,bw9wm8pqfzcchumhiwdt2w15c,OH Leuven,OHL,b7jmo07lqav0wfe2mtlzyspak,Mechelen,KVM,King Power at Den Dreef Stadion,home,W,0,0,1,0,true,W 2-1,11069
98omfw1wagomo5aac4rpyhtlg,2024-03-30,18:15:00,2024-03-30Z,17:15:00Z,1.0,4zwgbb66rif2spcoeeol2motx,Belgian Jupiler Pro League,2023/2024,f0atdrdim0sks9zagwg3an9jo,Conference League Play-off Group,bw9wm8pqfzcchumhiwdt2w15c,OH Leuven,OHL,b7jmo07lqav0wfe2mtlzyspak,Mechelen,KVM,King Power at Den Dreef Stadion,away,L,0,1,2,3,true,W 1-0,6701
99y91w7iktaif0z3bvu6lqtqs,2024-04-06,18:15:00,2024-04-06Z,16:15:00Z,2.0,4zwgbb66rif2spcoeeol2motx,Belgian Jupiler Pro League,2023/2024,f0atdrdim0sks9zagwg3an9jo,Conference League Play-off Group,5z1b7fuvpqe6vnigvopomvecu,Standard Liège,STA,bw9wm8pqfzcchumhiwdt2w15c,OH Leuven,OHL,Stade Maurice Dufrasne,draw,D,0,0,0,0,false,L 0-1,
9bied5x123qpk7tpdx9t2fml0,2024-04-14,19:15:00,2024-04-14Z,17:15:00Z,3.0,4zwgbb66rif2spcoeeol2motx,Belgian Jupiler Pro League,2023/2024,f0atdrdim0sks9zagwg3an9jo,Conference League Play-off Group,bw9wm8pqfzcchumhiwdt2w15c,OH Leuven,OHL,8y3iucyxguipljcmf87a11bk9,Gent,GNT,King Power at Den Dreef Stadion,home,W,2,1,2,1,true,L 0-4,4936
9bwhkknuamvj2f60dtr3tdlas,2024-04-20,16:00:00,2024-04-20Z,14:00:00Z,4.0,4zwgbb66rif2spcoeeol2motx,Belgian Jupiler Pro League,2023/2024,f0atdrdim0sks9zagwg3an9jo,Conference League Play-off Group,bw9wm8pqfzcchumhiwdt2w15c,OH Leuven,OHL,2989v3kho9h5jaboe1nr7lx21,Sint-Truiden,STV,King Power at Den Dreef Stadion,home,W,0,0,1,0,true,D 1-1,4350
9d4e9li8vmiuipt83qewm1hqs,2024-04-23,20:30:00,2024-04-23Z,18:30:00Z,5.0,4zwgbb66rif2spcoeeol2motx,Belgian Jupiler Pro League,2023/2024,f0atdrdim0sks9zagwg3an9jo,Conference League Play-off Group,2nhn3ikl1ciq34w3hcp883d6p,Westerlo,WES,bw9wm8pqfzcchumhiwdt2w15c,OH Leuven,OHL,Het Kuipje,draw,D,1,0,1,1,false,W 3-0,
9eb5kjsrfg1qyk71ynzx2pwd0,2024-04-27,16:00:00,2024-04-27Z,14:00:00Z,6.0,4zwgbb66rif2spcoeeol2motx,Belgian Jupiler Pro League,2023/2024,f0atdrdim0sks9zagwg3an9jo,Conference League Play-off Group,b7jmo07lqav0wfe2mtlzyspak,Mechelen,KVM,bw9wm8pqfzcchumhiwdt2w15c,OH Leuven,OHL,Achter De Kazerne,home,W,0,0,3,0,false,L 2-3,
9garbt9ourfmmy4uxcq3f84yc,2024-05-05,16:00:00,2024-05-05Z,14:00:00Z,7.0,4zwgbb66rif2spcoeeol2motx,Belgian Jupiler Pro League,2023/2024,f0atdrdim0sks9zagwg3an9jo,Conference League Play-off Group,bw9wm8pqfzcchumhiwdt2w15c,OH Leuven,OHL,5z1b7fuvpqe6vnigvopomvecu,Standard Liège,STA,King Power at Den Dreef Stadion,home,W,0,1,3,1,true,D 0-0,4913
9h3ot7q260j2zti5eotdzdij8,2024-05-12,13:30:00,2024-05-12Z,11:30:00Z,8.0,4zwgbb66rif2spcoeeol2motx,Belgian Jupiler Pro League,2023/2024,f0atdrdim0sks9zagwg3an9jo,Conference League Play-off Group,8y3iucyxguipljcmf87a11bk9,Gent,GNT,bw9wm8pqfzcchumhiwdt2w15c,OH Leuven,OHL,Planet Group Arena,away,L,0,1,0,1,false,W 2-1,
9hy1pqjwhk2xcdgbm7fqlfris,2024-05-17,20:45:00,2024-05-17Z,18:45:00Z,9.0,4zwgbb66rif2spcoeeol2motx,Belgian Jupiler Pro League,2023/2024,f0atdrdim0sks9zagwg3an9jo,Conference League Play-off Group,2989v3kho9h5jaboe1nr7lx21,Sint-Truiden,STV,bw9wm8pqfzcchumhiwdt2w15c,OH Leuven,OHL,Daio Wasabi Stayen Stadium,draw,D,0,0,1,1,false,W 1-0,
9j49kwr0mzxabprw5v0rfr3mc,2024-05-25,20:30:00,2024-05-25Z,18:30:00Z,10.0,4zwgbb66rif2spcoeeol2motx,Belgian Jupiler Pro League,2023/2024,f0atdrdim0sks9zagwg3an9jo,Conference League Play-off Group,bw9wm8pqfzcchumhiwdt2w15c,OH Leuven,OHL,2nhn3ikl1ciq34w3hcp883d6p,Westerlo,WES,King Power at Den Dreef Stadion,away,L,0,2,1,2,true,D 1-1,5907
5pcyhm34h5c948yji4oryevpw,2024-07-27,18:15:00,2024-07-27Z,16:15:00Z,1.0,4zwgbb66rif2spcoeeol2motx,Belgian Jupiler Pro League,2024/2025,809rv2nlzkn8gmn27a2ckuql0,Regular Season,cyrrlv6l1onld5x247w1q1jlr,Beerschot,BEE,bw9wm8pqfzcchumhiwdt2w15c,OH Leuven,OHL,Olympisch Stadion,draw,D,0,0,0,0,false,L 1-3,
5sue6595uizdrssh0wv22egpg,2024-08-03,18:15:00,2024-08-03Z,16:15:00Z,2.0,4zwgbb66rif2spcoeeol2motx,Belgian Jupiler Pro League,2024/2025,809rv2nlzkn8gmn27a2ckuql0,Regular Season,bw9wm8pqfzcchumhiwdt2w15c,OH Leuven,OHL,89xivtxk59uzvhdsd6miao6tm,Genk,GNK,King Power at Den Dreef Stadion,home,W,2,0,3,1,true,W 2-1,5583
5wb56hj1k3gel6lkn5se3gqok,2024-08-10,20:45:00,2024-08-10Z,18:45:00Z,3.0,4zwgbb66rif2spcoeeol2motx,Belgian Jupiler Pro League,2024/2025,809rv2nlzkn8gmn27a2ckuql0,Regular Season,6vyr13j6kbwdtxjwm1m4m8nu2,Anderlecht,AND,bw9wm8pqfzcchumhiwdt2w15c,OH Leuven,OHL,Lotto Park,draw,D,1,1,1,1,false,D 1-1,
602pbgoexz07st4msln8fq0wk,2024-08-18,16:00:00,2024-08-18Z,14:00:00Z,4.0,4zwgbb66rif2spcoeeol2motx,Belgian Jupiler Pro League,2024/2025,809rv2nlzkn8gmn27a2ckuql0,Regular Season,bw9wm8pqfzcchumhiwdt2w15c,OH Leuven,OHL,3ix9om1svhd6obl0mbk1otgop,Cercle Brugge,CER,King Power at Den Dreef Stadion,draw,D,1,1,1,1,true,L 1-2,5528
61xmh1s2xtwsx4noo7sqj6k2c,2024-08-24,18:15:00,2024-08-24Z,16:15:00Z,5.0,4zwgbb66rif2spcoeeol2motx,Belgian Jupiler Pro League,2024/2025,809rv2nlzkn8gmn27a2ckuql0,Regular Season,2nhn3ikl1ciq34w3hcp883d6p,Westerlo,WES,bw9wm8pqfzcchumhiwdt2w15c,OH Leuven,OHL,Het Kuipje,draw,D,1,1,1,1,false,L 1-2,
65chj645tcu0gtoy18rdroyz8,2024-08-31,20:45:00,2024-08-31Z,18:45:00Z,6.0,4zwgbb66rif2spcoeeol2motx,Belgian Jupiler Pro League,2024/2025,809rv2nlzkn8gmn27a2ckuql0,Regular Season,bw9wm8pqfzcchumhiwdt2w15c,OH Leuven,OHL,5z1b7fuvpqe6vnigvopomvecu,Standard Liège,STA,King Power at Den Dreef Stadion,home,W,1,0,2,0,true,W 3-1,8958
695t6yuiyw8q7bjv9nnll1atw,2024-09-15,16:00:00,2024-09-15Z,14:00:00Z,7.0,4zwgbb66rif2spcoeeol2motx,Belgian Jupiler Pro League,2024/2025,809rv2nlzkn8gmn27a2ckuql0,Regular Season,2989v3kho9h5jaboe1nr7lx21,Sint-Truiden,STV,bw9wm8pqfzcchumhiwdt2w15c,OH Leuven,OHL,Daio Wasabi Stayen Stadium,home,W,1,0,2,1,false,D 1-1,
6c8lz4vpdfl8yxo9kgokz9250,2024-09-22,19:15:00,2024-09-22Z,17:15:00Z,8.0,4zwgbb66rif2spcoeeol2motx,Belgian Jupiler Pro League,2024/2025,809rv2nlzkn8gmn27a2ckuql0,Regular Season,bw9wm8pqfzcchumhiwdt2w15c,OH Leuven,OHL,1uk609mhtsfhokhaewjapb26,Kortrijk,KVK,King Power at Den Dreef Stadion,draw,D,0,0,1,1,true,D 0-0,6061
6e51m1j7b2y8ycmgv0h215c7o,2024-09-29,18:30:00,2024-09-29Z,16:30:00Z,9.0,4zwgbb66rif2spcoeeol2motx,Belgian Jupiler Pro League,2024/2025,809rv2nlzkn8gmn27a2ckuql0,Regular Season,8y3iucyxguipljcmf87a11bk9,Gent,GNT,bw9wm8pqfzcchumhiwdt2w15c,OH Leuven,OHL,Planet Group Arena,home,W,2,0,3,0,false,W 1-0,
6i180b3iyx583di6at041k4r8,2024-10-05,16:00:00,2024-10-05Z,14:00:00Z,10.0,4zwgbb66rif2spcoeeol2motx,Belgian Jupiler Pro League,2024/2025,809rv2nlzkn8gmn27a2ckuql0,Regular Season,b7jmo07lqav0wfe2mtlzyspak,Mechelen,KVM,bw9wm8pqfzcchumhiwdt2w15c,OH Leuven,OHL,Achter De Kazerne,home,W,2,0,5,0,false,L 0-3,25
6lop4d01krcoktw7peu0xrlec,2024-10-20,16:00:00,2024-10-20Z,14:00:00Z,11.0,4zwgbb66rif2spcoeeol2motx,Belgian Jupiler Pro League,2024/2025,809rv2nlzkn8gmn27a2ckuql0,Regular Season,bw9wm8pqfzcchumhiwdt2w15c,OH Leuven,OHL,7zibyotq1x1hq6pmgibhr0e6s,Antwerp,ANT,King Power at Den Dreef Stadion,draw,D,0,1,1,1,true,L 0-1,6921
6p4xcllb1x7vx1xljrk14gbh0,2024-10-26,16:00:00,2024-10-26Z,14:00:00Z,12.0,4zwgbb66rif2spcoeeol2motx,Belgian Jupiler Pro League,2024/2025,809rv2nlzkn8gmn27a2ckuql0,Regular Season,920raeoumft3q2wmvc296uceo,Sporting Charleroi,CHA,bw9wm8pqfzcchumhiwdt2w15c,OH Leuven,OHL,Stade du Pays de Charleroi,away,L,0,2,0,2,false,D 0-0,
6rulhyb9xa5yczi1jntilsr9w,2024-11-02,18:15:00,2024-11-02Z,17:15:00Z,13.0,4zwgbb66rif2spcoeeol2motx,Belgian Jupiler Pro League,2024/2025,809rv2nlzkn8gmn27a2ckuql0,Regular Season,bw9wm8pqfzcchumhiwdt2w15c,OH Leuven,OHL,1oyb7oym5nwzny8vxf03szd2h,Club Brugge,CLU,King Power at Den Dreef Stadion,away,L,0,0,0,1,true,L 1-3,10485
6vul2r4nef60spfw1s0m9nwno,2024-11-09,18:15:00,2024-11-09Z,17:15:00Z,14.0,4zwgbb66rif2spcoeeol2motx,Belgian Jupiler Pro League,2024/2025,809rv2nlzkn8gmn27a2ckuql0,Regular Season,4dtif7outbuivua8umbwegoo5,Dender,DEN,bw9wm8pqfzcchumhiwdt2w15c,OH Leuven,OHL,DENDER Football Complex,draw,D,1,1,1,1,false,,221
6y80kic6abtlkzmkr4oiejkt0,2024-11-24,16:00:00,2024-11-24Z,15:00:00Z,15.0,4zwgbb66rif2spcoeeol2motx,Belgian Jupiler Pro League,2024/2025,809rv2nlzkn8gmn27a2ckuql0,Regular Season,bw9wm8pqfzcchumhiwdt2w15c,OH Leuven,OHL,ecj1gmc7pqcjo4sc9hvghj5u3,Union Saint-Gilloise,STG,King Power at Den Dreef Stadion,draw,D,1,1,1,1,true,L 0-2,6344
70wtfxx5kccxl5sxj1bvcd8us,2024-12-01,16:00:00,2024-12-01Z,15:00:00Z,16.0,4zwgbb66rif2spcoeeol2motx,Belgian Jupiler Pro League,2024/2025,809rv2nlzkn8gmn27a2ckuql0,Regular Season,bw9wm8pqfzcchumhiwdt2w15c,OH Leuven,OHL,6vyr13j6kbwdtxjwm1m4m8nu2,Anderlecht,AND,King Power at Den Dreef Stadion,draw,D,0,0,0,0,true,D 1-1,10723
741sm8f1osrj6qvq54ql5sv84,2024-12-07,18:15:00,2024-12-07Z,17:15:00Z,17.0,4zwgbb66rif2spcoeeol2motx,Belgian Jupiler Pro League,2024/2025,809rv2nlzkn8gmn27a2ckuql0,Regular Season,5z1b7fuvpqe6vnigvopomvecu,Standard Liège,STA,bw9wm8pqfzcchumhiwdt2w15c,OH Leuven,OHL,Stade Maurice Dufrasne,draw,D,1,0,1,1,false,W 2-0,
77idfj6cmoadi2223efythatw,2024-12-14,18:15:00,2024-12-14Z,17:15:00Z,18.0,4zwgbb66rif2spcoeeol2motx,Belgian Jupiler Pro League,2024/2025,809rv2nlzkn8gmn27a2ckuql0,Regular Season,bw9wm8pqfzcchumhiwdt2w15c,OH Leuven,OHL,920raeoumft3q2wmvc296uceo,Sporting Charleroi,CHA,King Power at Den Dreef Stadion,home,W,0,0,1,0,true,W 2-0,5641
7a76a8362jg3typalwyouhfdg,2024-12-22,19:15:00,2024-12-22Z,18:15:00Z,19.0,4zwgbb66rif2spcoeeol2motx,Belgian Jupiler Pro League,2024/2025,809rv2nlzkn8gmn27a2ckuql0,Regular Season,3ix9om1svhd6obl0mbk1otgop,Cercle Brugge,CER,bw9wm8pqfzcchumhiwdt2w15c,OH Leuven,OHL,Jan Breydelstadion,home,W,0,0,1,0,false,D 1-1,
7dq0nagdoadvgfk4qfxw3lvkk,2024-12-27,18:30:00,2024-12-27Z,17:30:00Z,20.0,4zwgbb66rif2spcoeeol2motx,Belgian Jupiler Pro League,2024/2025,809rv2nlzkn8gmn27a2ckuql0,Regular Season,bw9wm8pqfzcchumhiwdt2w15c,OH Leuven,OHL,cyrrlv6l1onld5x247w1q1jlr,Beerschot,BEE,King Power at Den Dreef Stadion,home,W,0,0,2,0,true,D 0-0,6655
7f8hyu2mxs711863i8ui9atqs,2025-01-11,18:15:00,2025-01-11Z,17:15:00Z,21.0,4zwgbb66rif2spcoeeol2motx,Belgian Jupiler Pro League,2024/2025,809rv2nlzkn8gmn27a2ckuql0,Regular Season,89xivtxk59uzvhdsd6miao6tm,Genk,GNK,bw9wm8pqfzcchumhiwdt2w15c,OH Leuven,OHL,Cegeka Arena,home,W,0,0,2,0,false,W 3-1,
7icq1hu6zx1cpixqxzm5ktb84,2025-01-19,16:00:00,2025-01-19Z,15:00:00Z,22.0,4zwgbb66rif2spcoeeol2motx,Belgian Jupiler Pro League,2024/2025,809rv2nlzkn8gmn27a2ckuql0,Regular Season,ecj1gmc7pqcjo4sc9hvghj5u3,Union Saint-Gilloise,STG,bw9wm8pqfzcchumhiwdt2w15c,OH Leuven,OHL,Stade Joseph Mariën,home,W,1,0,1,0,false,D 1-1,
7mk17ds9sv6rqbsd6o75ppuz8,2025-01-26,19:15:00,2025-01-26Z,18:15:00Z,23.0,4zwgbb66rif2spcoeeol2motx,Belgian Jupiler Pro League,2024/2025,809rv2nlzkn8gmn27a2ckuql0,Regular Season,bw9wm8pqfzcchumhiwdt2w15c,OH Leuven,OHL,8y3iucyxguipljcmf87a11bk9,Gent,GNT,King Power at Den Dreef Stadion,draw,D,0,0,0,0,true,L 0-3,5550
7qex3cmy0pi6r9v2luba43qqc,2025-01-31,20:45:00,2025-01-31Z,19:45:00Z,24.0,4zwgbb66rif2spcoeeol2motx,Belgian Jupiler Pro League,2024/2025,809rv2nlzkn8gmn27a2ckuql0,Regular Season,bw9wm8pqfzcchumhiwdt2w15c,OH Leuven,OHL,b7jmo07lqav0wfe2mtlzyspak,Mechelen,KVM,King Power at Den Dreef Stadion,home,W,1,0,1,0,true,L 0-5,6619
7r6v5k8usx2d5lojp7024ikus,2025-02-08,16:00:00,2025-02-08Z,15:00:00Z,25.0,4zwgbb66rif2spcoeeol2motx,Belgian Jupiler Pro League,2024/2025,809rv2nlzkn8gmn27a2ckuql0,Regular Season,1oyb7oym5nwzny8vxf03szd2h,Club Brugge,CLU,bw9wm8pqfzcchumhiwdt2w15c,OH Leuven,OHL,Jan Breydelstadion,home,W,1,0,1,0,false,L 0-1,37
7wei2vfmf9wa2ikr3hmt50ljo,2025-02-15,16:00:00,2025-02-15Z,15:00:00Z,26.0,4zwgbb66rif2spcoeeol2motx,Belgian Jupiler Pro League,2024/2025,809rv2nlzkn8gmn27a2ckuql0,Regular Season,bw9wm8pqfzcchumhiwdt2w15c,OH Leuven,OHL,4dtif7outbuivua8umbwegoo5,Dender,DEN,King Power at Den Dreef Stadion,home,W,1,2,3,2,true,D 1-1,5782
7ypezm6dgrnx4seixgf565f6c,2025-02-22,20:45:00,2025-02-22Z,19:45:00Z,27.0,4zwgbb66rif2spcoeeol2motx,Belgian Jupiler Pro League,2024/2025,809rv2nlzkn8gmn27a2ckuql0,Regular Season,7zibyotq1x1hq6pmgibhr0e6s,Antwerp,ANT,bw9wm8pqfzcchumhiwdt2w15c,OH Leuven,OHL,Bosuilstadion,draw,D,0,0,2,2,false,D 1-1,
82ku9pdoluteqx9sa2bqzmcyc,2025-03-02,19:15:00,2025-03-02Z,18:15:00Z,28.0,4zwgbb66rif2spcoeeol2motx,Belgian Jupiler Pro League,2024/2025,809rv2nlzkn8gmn27a2ckuql0,Regular Season,bw9wm8pqfzcchumhiwdt2w15c,OH Leuven,OHL,2nhn3ikl1ciq34w3hcp883d6p,Westerlo,WES,King Power at Den Dreef Stadion,draw,D,0,0,0,0,true,D 1-1,7097
84iv05xyhc3am31y0fo7hhces,2025-03-08,16:00:00,2025-03-08Z,15:00:00Z,29.0,4zwgbb66rif2spcoeeol2motx,Belgian Jupiler Pro League,2024/2025,809rv2nlzkn8gmn27a2ckuql0,Regular Season,1uk609mhtsfhokhaewjapb26,Kortrijk,KVK,bw9wm8pqfzcchumhiwdt2w15c,OH Leuven,OHL,Guldensporenstadion,home,W,1,0,2,0,false,D 1-1,337
89eut1cf33jziticurrctu2ok,2025-03-16,18:30:00,2025-03-16Z,17:30:00Z,30.0,4zwgbb66rif2spcoeeol2motx,Belgian Jupiler Pro League,2024/2025,809rv2nlzkn8gmn27a2ckuql0,Regular Season,bw9wm8pqfzcchumhiwdt2w15c,OH Leuven,OHL,2989v3kho9h5jaboe1nr7lx21,Sint-Truiden,STV,King Power at Den Dreef Stadion,home,W,1,1,3,2,true,L 1-2,7689
7u79waryljwbgwi0mk9gugzkk,2025-03-28,20:45:00,2025-03-28Z,19:45:00Z,1.0,4zwgbb66rif2spcoeeol2motx,Belgian Jupiler Pro League,2024/2025,809rv2nlzkn8gmn27a2ckuql0,Conference League Play-off Group,bw9wm8pqfzcchumhiwdt2w15c,OH Leuven,OHL,920raeoumft3q2wmvc296uceo,Sporting Charleroi,CHA,King Power at Den Dreef Stadion,draw,D,0,0,0,0,true,W 1-0,4241
7w95lgqov6wnfqm2cbcywk6j8,2025-04-05,18:15:00,2025-04-05Z,16:15:00Z,2.0,4zwgbb66rif2spcoeeol2motx,Belgian Jupiler Pro League,2024/2025,809rv2nlzkn8gmn27a2ckuql0,Conference League Play-off Group,2nhn3ikl1ciq34w3hcp883d6p,Westerlo,WES,bw9wm8pqfzcchumhiwdt2w15c,OH Leuven,OHL,Het Kuipje,draw,D,0,0,2,2,false,D 0-0,
7xkc6usxncqrp5vbb59u7zlec,2025-04-13,16:00:00,2025-04-13Z,14:00:00Z,3.0,4zwgbb66rif2spcoeeol2motx,Belgian Jupiler Pro League,2024/2025,809rv2nlzkn8gmn27a2ckuql0,Conference League Play-off Group,b7jmo07lqav0wfe2mtlzyspak,Mechelen,KVM,bw9wm8pqfzcchumhiwdt2w15c,OH Leuven,OHL,Achter De Kazerne,draw,D,1,1,1,1,false,W 1-0,
7ygyxo6o1uoe8uzbk4nsgeiok,2025-04-19,16:00:00,2025-04-19Z,14:00:00Z,4.0,4zwgbb66rif2spcoeeol2motx,Belgian Jupiler Pro League,2024/2025,809rv2nlzkn8gmn27a2ckuql0,Conference League Play-off Group,bw9wm8pqfzcchumhiwdt2w15c,OH Leuven,OHL,4dtif7outbuivua8umbwegoo5,Dender,DEN,King Power at Den Dreef Stadion,draw,D,3,1,4,4,true,W 3-2,4252
7zt8gyxi7eoab8avc8bpm5y50,2025-04-22,20:30:00,2025-04-22Z,18:30:00Z,5.0,4zwgbb66rif2spcoeeol2motx,Belgian Jupiler Pro League,2024/2025,809rv2nlzkn8gmn27a2ckuql0,Conference League Play-off Group,5z1b7fuvpqe6vnigvopomvecu,Standard Liège,STA,bw9wm8pqfzcchumhiwdt2w15c,OH Leuven,OHL,Stade Maurice Dufrasne,away,L,0,0,0,1,false,D 1-1,
814atdxgv4huojqsu3t0d9vro,2025-04-26,16:00:00,2025-04-26Z,14:00:00Z,6.0,4zwgbb66rif2spcoeeol2motx,Belgian Jupiler Pro League,2024/2025,809rv2nlzkn8gmn27a2ckuql0,Conference League Play-off Group,bw9wm8pqfzcchumhiwdt2w15c,OH Leuven,OHL,5z1b7fuvpqe6vnigvopomvecu,Standard Liège,STA,King Power at Den Dreef Stadion,draw,D,1,0,1,1,true,W 1-0,5164
82ukg77wot5ten1zki8rhuln8,2025-05-03,18:15:00,2025-05-03Z,16:15:00Z,7.0,4zwgbb66rif2spcoeeol2motx,Belgian Jupiler Pro League,2024/2025,809rv2nlzkn8gmn27a2ckuql0,Conference League Play-off Group,bw9wm8pqfzcchumhiwdt2w15c,OH Leuven,OHL,b7jmo07lqav0wfe2mtlzyspak,Mechelen,KVM,King Power at Den Dreef Stadion,away,L,0,1,1,2,true,D 1-1,5615
84nc9rtln8g0ixfdcs5r0xxxw,2025-05-11,19:15:00,2025-05-11Z,17:15:00Z,8.0,4zwgbb66rif2spcoeeol2motx,Belgian Jupiler Pro League,2024/2025,809rv2nlzkn8gmn27a2ckuql0,Conference League Play-off Group,4dtif7outbuivua8umbwegoo5,Dender,DEN,bw9wm8pqfzcchumhiwdt2w15c,OH Leuven,OHL,DENDER Football Complex,home,W,4,0,5,0,false,D 4-4,
852y9z78ifhike3zkg6dfyluc,2025-05-16,20:45:00,2025-05-16Z,18:45:00Z,9.0,4zwgbb66rif2spcoeeol2motx,Belgian Jupiler Pro League,2024/2025,809rv2nlzkn8gmn27a2ckuql0,Conference League Play-off Group,bw9wm8pqfzcchumhiwdt2w15c,OH Leuven,OHL,2nhn3ikl1ciq34w3hcp883d6p,Westerlo,WES,King Power at Den Dreef Stadion,away,L,0,1,0,2,true,D 2-2,5025
86dn3ijocusxpzra33m12qc5w,2025-05-24,20:00:00,2025-05-24Z,18:00:00Z,10.0,4zwgbb66rif2spcoeeol2motx,Belgian Jupiler Pro League,2024/2025,809rv2nlzkn8gmn27a2ckuql0,Conference League Play-off Group,920raeoumft3q2wmvc296uceo,Sporting Charleroi,CHA,bw9wm8pqfzcchumhiwdt2w15c,OH Leuven,OHL,Stade du Pays de Charleroi,home,W,1,1,2,1,false,D 0-0,
csbw4frxjcvgpv95iekqvb21g,2025-07-27,16:00:00,2025-07-27Z,14:00:00Z,1.0,4zwgbb66rif2spcoeeol2motx,Belgian Jupiler Pro League,2025/2026,16lkdpoccbh056r0v0bordo2c,Regular Season,bw9wm8pqfzcchumhiwdt2w15c,OH Leuven,OHL,920raeoumft3q2wmvc296uceo,Sporting Charleroi,CHA,King Power at Den Dreef Stadion,draw,D,1,0,2,2,true,L 1-2,4318
ctopnopmg8mzxf3q6rje346qc,2025-08-03,18:30:00,2025-08-03Z,16:30:00Z,2.0,4zwgbb66rif2spcoeeol2motx,Belgian Jupiler Pro League,2025/2026,16lkdpoccbh056r0v0bordo2c,Regular Season,ecj1gmc7pqcjo4sc9hvghj5u3,Union Saint-Gilloise,STG,bw9wm8pqfzcchumhiwdt2w15c,OH Leuven,OHL,Stade Joseph Mariën,home,W,2,0,5,0,false,L 0-1,
cxtfvvs8g6im8v2btf5nupfro,2025-08-10,19:15:00,2025-08-10Z,17:15:00Z,3.0,4zwgbb66rif2spcoeeol2motx,Belgian Jupiler Pro League,2025/2026,16lkdpoccbh056r0v0bordo2c,Regular Season,7zibyotq1x1hq6pmgibhr0e6s,Antwerp,ANT,bw9wm8pqfzcchumhiwdt2w15c,OH Leuven,OHL,Bosuilstadion,home,W,1,0,3,1,false,D 2-2,
d0y4sncaf09mzv9ms24ck6olw,2025-08-15,20:45:00,2025-08-15Z,18:45:00Z,4.0,4zwgbb66rif2spcoeeol2motx,Belgian Jupiler Pro League,2025/2026,16lkdpoccbh056r0v0bordo2c,Regular Season,bw9wm8pqfzcchumhiwdt2w15c,OH Leuven,OHL,89xivtxk59uzvhdsd6miao6tm,Genk,GNK,King Power at Den Dreef Stadion,away,L,1,2,1,2,true,L 0-2,6360
d5vpyuaaynfcg6vv6ixlmfcb8,2025-08-24,19:15:00,2025-08-24Z,17:15:00Z,5.0,4zwgbb66rif2spcoeeol2motx,Belgian Jupiler Pro League,2025/2026,16lkdpoccbh056r0v0bordo2c,Regular Season,4dtif7outbuivua8umbwegoo5,Dender,DEN,bw9wm8pqfzcchumhiwdt2w15c,OH Leuven,OHL,DENDER Football Complex,away,L,0,0,0,1,false,L 0-5,
d7riiuoqud1d84e7gu4givjf8,2025-08-31,16:00:00,2025-08-31Z,14:00:00Z,6.0,4zwgbb66rif2spcoeeol2motx,Belgian Jupiler Pro League,2025/2026,16lkdpoccbh056r0v0bordo2c,Regular Season,bw9wm8pqfzcchumhiwdt2w15c,OH Leuven,OHL,5z1b7fuvpqe6vnigvopomvecu,Standard Liège,STA,King Power at Den Dreef Stadion,home,W,0,0,1,0,true,D 1-1,6676
dawbvc4ebh1knr7qctivmrod0,2025-09-13,16:00:00,2025-09-13Z,14:00:00Z,7.0,4zwgbb66rif2spcoeeol2motx,Belgian Jupiler Pro League,2025/2026,16lkdpoccbh056r0v0bordo2c,Regular Season,547zzwqbiugzphhnrhj3z5k5i,Zulte Waregem,ZWA,bw9wm8pqfzcchumhiwdt2w15c,OH Leuven,OHL,Elindus Arena,home,W,2,0,2,0,false,W 4-2,
de191c5ia8dqmkvpzprawob2s,2025-09-20,16:00:00,2025-09-20Z,14:00:00Z,8.0,4zwgbb66rif2spcoeeol2motx,Belgian Jupiler Pro League,2025/2026,16lkdpoccbh056r0v0bordo2c,Regular Season,bw9wm8pqfzcchumhiwdt2w15c,OH Leuven,OHL,75b9wl3zixoytzcmvwavlp46i,RAAL La Louvière,LAL,King Power at Den Dreef Stadion,away,L,1,2,1,2,true,,4036
dh7ze0l15ri59fuhmnrs8pst0,2025-09-26,20:45:00,2025-09-26Z,18:45:00Z,9.0,4zwgbb66rif2spcoeeol2motx,Belgian Jupiler Pro League,2025/2026,16lkdpoccbh056r0v0bordo2c,Regular Season,bw9wm8pqfzcchumhiwdt2w15c,OH Leuven,OHL,6vyr13j6kbwdtxjwm1m4m8nu2,Anderlecht,AND,King Power at Den Dreef Stadion,draw,D,0,0,1,1,true,D 0-0,6977
dly0jj6xr9hi9nxzv17quzwno,2025-10-05,19:15:00,2025-10-05Z,17:15:00Z,10.0,4zwgbb66rif2spcoeeol2motx,Belgian Jupiler Pro League,2025/2026,16lkdpoccbh056r0v0bordo2c,Regular Season,2nhn3ikl1ciq34w3hcp883d6p,Westerlo,WES,bw9wm8pqfzcchumhiwdt2w15c,OH Leuven,OHL,Het Kuipje,home,W,1,0,2,0,false,L 0-2,
dob21hsimmlz7agqzo8irt5w4,2025-10-18,18:15:00,2025-10-18Z,16:15:00Z,11.0,4zwgbb66rif2spcoeeol2motx,Belgian Jupiler Pro League,2025/2026,16lkdpoccbh056r0v0bordo2c,Regular Season,bw9wm8pqfzcchumhiwdt2w15c,OH Leuven,OHL,1oyb7oym5nwzny8vxf03szd2h,Club Brugge,CLU,King Power at Den Dreef Stadion,away,L,0,0,0,1,true,L 0-1,7992
drdzv152kp1zoqqdbl98trj10,2025-10-25,18:15:00,2025-10-25Z,16:15:00Z,12.0,4zwgbb66rif2spcoeeol2motx,Belgian Jupiler Pro League,2025/2026,16lkdpoccbh056r0v0bordo2c,Regular Season,b7jmo07lqav0wfe2mtlzyspak,Mechelen,KVM,bw9wm8pqfzcchumhiwdt2w15c,OH Leuven,OHL,Achter De Kazerne,draw,D,0,0,1,1,false,L 1-2,
duivyh7ccvqb0o2ykwgvaq5uc,2025-11-02,16:00:00,2025-11-02Z,15:00:00Z,13.0,4zwgbb66rif2spcoeeol2motx,Belgian Jupiler Pro League,2025/2026,16lkdpoccbh056r0v0bordo2c,Regular Season,bw9wm8pqfzcchumhiwdt2w15c,OH Leuven,OHL,8y3iucyxguipljcmf87a11bk9,Gent,GNT,King Power at Den Dreef Stadion,home,W,2,0,4,0,true,D 0-0,6373
dwvrsfezoy7lsopii72xnd1xw,2025-11-08,16:00:00,2025-11-08Z,15:00:00Z,14.0,4zwgbb66rif2spcoeeol2motx,Belgian Jupiler Pro League,2025/2026,16lkdpoccbh056r0v0bordo2c,Regular Season,3ix9om1svhd6obl0mbk1otgop,Cercle Brugge,CER,bw9wm8pqfzcchumhiwdt2w15c,OH Leuven,OHL,Jan Breydelstadion,away,L,1,0,1,2,false,L 0-1,
e1650lh8xyaev5kzm5v3m2kgk,2025-11-23,19:15:00,2025-11-23Z,18:15:00Z,15.0,4zwgbb66rif2spcoeeol2motx,Belgian Jupiler Pro League,2025/2026,16lkdpoccbh056r0v0bordo2c,Regular Season,bw9wm8pqfzcchumhiwdt2w15c,OH Leuven,OHL,2989v3kho9h5jaboe1nr7lx21,Sint-Truiden,STV,King Power at Den Dreef Stadion,away,L,1,2,1,2,true,W 3-2,5661
e2ydwakqnrmekfzdr48j9n3f8,2025-11-30,16:00:00,2025-11-30Z,15:00:00Z,16.0,4zwgbb66rif2spcoeeol2motx,Belgian Jupiler Pro League,2025/2026,16lkdpoccbh056r0v0bordo2c,Regular Season,89xivtxk59uzvhdsd6miao6tm,Genk,GNK,bw9wm8pqfzcchumhiwdt2w15c,OH Leuven,OHL,Cegeka Arena,home,W,0,0,2,1,false,L 1-2,
e6vo7nt78kq3sax8h8o1ke4gk,2025-12-07,19:15:00,2025-12-07Z,18:15:00Z,17.0,4zwgbb66rif2spcoeeol2motx,Belgian Jupiler Pro League,2025/2026,16lkdpoccbh056r0v0bordo2c,Regular Season,bw9wm8pqfzcchumhiwdt2w15c,OH Leuven,OHL,547zzwqbiugzphhnrhj3z5k5i,Zulte Waregem,ZWA,King Power at Den Dreef Stadion,draw,D,1,1,1,1,true,L 0-2,4494
e9vop6xkarhbdtysjlqtm4w7o,2025-12-12,20:45:00,2025-12-12Z,19:45:00Z,18.0,4zwgbb66rif2spcoeeol2motx,Belgian Jupiler Pro League,2025/2026,16lkdpoccbh056r0v0bordo2c,Regular Season,5z1b7fuvpqe6vnigvopomvecu,Standard Liège,STA,bw9wm8pqfzcchumhiwdt2w15c,OH Leuven,OHL,Stade Maurice Dufrasne,away,L,0,0,0,1,false,W 1-0,
ecz9iyxyc5ira9n59m8cp3bis,2025-12-21,19:15:00,2025-12-21Z,18:15:00Z,19.0,4zwgbb66rif2spcoeeol2motx,Belgian Jupiler Pro League,2025/2026,16lkdpoccbh056r0v0bordo2c,Regular Season,bw9wm8pqfzcchumhiwdt2w15c,OH Leuven,OHL,3ix9om1svhd6obl0mbk1otgop,Cercle Brugge,CER,King Power at Den Dreef Stadion,away,L,0,2,0,2,true,W 2-1,5812
egwl2zpb2lsojatd5oln6xn9w,2025-12-27,16:00:00,2025-12-27Z,15:00:00Z,20.0,4zwgbb66rif2spcoeeol2motx,Belgian Jupiler Pro League,2025/2026,16lkdpoccbh056r0v0bordo2c,Regular Season,75b9wl3zixoytzcmvwavlp46i,RAAL La Louvière,LAL,bw9wm8pqfzcchumhiwdt2w15c,OH Leuven,OHL,Easi Arena,draw,D,0,0,0,0,false,L 1-2,
ejqw6juegshs0txtuuxahtno4,2026-01-18,19:15:00,2026-01-18Z,18:15:00Z,21.0,4zwgbb66rif2spcoeeol2motx,Belgian Jupiler Pro League,2025/2026,16lkdpoccbh056r0v0bordo2c,Regular Season,2989v3kho9h5jaboe1nr7lx21,Sint-Truiden,STV,bw9wm8pqfzcchumhiwdt2w15c,OH Leuven,OHL,Daio Wasabi Stayen Stadium,home,W,1,0,1,0,false,L 1-2,
enw1n6mhkzvb6uptwhzs4gowk,2026-01-24,20:45:00,2026-01-24Z,19:45:00Z,22.0,4zwgbb66rif2spcoeeol2motx,Belgian Jupiler Pro League,2025/2026,16lkdpoccbh056r0v0bordo2c,Regular Season,bw9wm8pqfzcchumhiwdt2w15c,OH Leuven,OHL,ecj1gmc7pqcjo4sc9hvghj5u3,Union Saint-Gilloise,STG,King Power at Den Dreef Stadion,draw,D,0,0,0,0,true,L 0-5,5322
eqncupz92qy89z9bxks1e0t90,2026-02-01,19:15:00,2026-02-01Z,18:15:00Z,23.0,4zwgbb66rif2spcoeeol2motx,Belgian Jupiler Pro League,2025/2026,16lkdpoccbh056r0v0bordo2c,Regular Season,bw9wm8pqfzcchumhiwdt2w15c,OH Leuven,OHL,b7jmo07lqav0wfe2mtlzyspak,Mechelen,KVM,King Power at Den Dreef Stadion,draw,D,1,0,2,2,true,D 1-1,5971
esy974nh0dqx61hrn6g35y044,2026-02-07,20:45:00,2026-02-07Z,19:45:00Z,24.0,4zwgbb66rif2spcoeeol2motx,Belgian Jupiler Pro League,2025/2026,16lkdpoccbh056r0v0bordo2c,Regular Season,8y3iucyxguipljcmf87a11bk9,Gent,GNT,bw9wm8pqfzcchumhiwdt2w15c,OH Leuven,OHL,Planet Group Arena,away,L,0,2,1,3,false,W 4-0,61
ewgb5fczpfa71pfzihlip6yok,2026-02-14,16:00:00,2026-02-14Z,15:00:00Z,25.0,4zwgbb66rif2spcoeeol2motx,Belgian Jupiler Pro League,2025/2026,16lkdpoccbh056r0v0bordo2c,Regular Season,bw9wm8pqfzcchumhiwdt2w15c,OH Leuven,OHL,4dtif7outbuivua8umbwegoo5,Dender,DEN,King Power at Den Dreef Stadion,home,W,2,1,3,2,true,W 1-0,5137
exzov7o3p9v5vqr86qipfm1w4,2026-02-21,18:15:00,2026-02-21Z,17:15:00Z,26.0,4zwgbb66rif2spcoeeol2motx,Belgian Jupiler Pro League,2025/2026,16lkdpoccbh056r0v0bordo2c,Regular Season,1oyb7oym5nwzny8vxf03szd2h,Club Brugge,CLU,bw9wm8pqfzcchumhiwdt2w15c,OH Leuven,OHL,Jan Breydelstadion,home,W,0,0,2,1,false,L 0-1,
f19ucr3rev3uy5uvxjxznqsk4,2026-02-28,20:45:00,2026-02-28Z,19:45:00Z,27.0,4zwgbb66rif2spcoeeol2motx,Belgian Jupiler Pro League,2025/2026,16lkdpoccbh056r0v0bordo2c,Regular Season,6vyr13j6kbwdtxjwm1m4m8nu2,Anderlecht,AND,bw9wm8pqfzcchumhiwdt2w15c,OH Leuven,OHL,Lotto Park,home,W,1,1,5,1,false,D 1-1,
rf7k8o1xjf0xw5zrgpbtmhg,2026-03-07,16:00:00,2026-03-07Z,15:00:00Z,28.0,4zwgbb66rif2spcoeeol2motx,Belgian Jupiler Pro League,2025/2026,16lkdpoccbh056r0v0bordo2c,Regular Season,bw9wm8pqfzcchumhiwdt2w15c,OH Leuven,OHL,2nhn3ikl1ciq34w3hcp883d6p,Westerlo,WES,King Power at Den Dreef Stadion,away,L,0,1,0,1,true,L 0-2,6062
